customer_id,customer_name,product_name,call_id,agent_id,call_date,call_time,gender,age,type,call_content,negative_count,satisfaction_score,call_summary
7953,홍진우,KB손해보험 연금보험,306256be-e279-4be5-b661-5807355e6c25,808,2025-01-07,22:11:44,0,76,04,기타 불만 사항이 있습니다.,0,긍정,기타 불만 사항이 있습니다.
1611,이은서,한화생명 치아보험,3bfe5504-d93a-46d7-b2e2-cb6034d23fcf,274,2025-01-01,15:10:00,1,23,04,보험료를 해지하고 싶은데 절차가 복잡합니다.,11,강한 불만,보험료를 해지하고 싶은데 절차가 복잡합니다.
4832,이지연,삼성화재 건강보험,a30fbef7-d568-45ad-b4e1-9c3998e5eb04,274,2025-01-06,11:02:38,1,19,02,보험금을 청구했는데 지급이 지연되고 있어요.,3,중립,보험금을 청구했는데 지급이 지연되고 있어요.
3056,박은경,한화생명 건강보험,02822dc8-d8b4-4124-8af9-578128382518,964,2025-01-19,12:49:53,1,38,02,기타 불만 사항이 있습니다.,12,강한 불만,기타 불만 사항이 있습니다.
9445,손진우,삼성생명 치아보험,8f64c620-9910-4d23-95b9-0f0d9476596b,203,2025-01-19,09:56:53,0,12,03,보장 내용이 생각보다 제한적이에요.,2,긍정,보장 내용이 생각보다 제한적이에요.
3223,조영환,DB손해보험 어린이보험,ca4a2b64-dc05-4816-a824-3c711a3d0485,362,2025-01-22,06:38:24,0,79,05,보험료가 너무 비싸요. 약정과 다릅니다.,5,중립,보험료가 너무 비싸요. 약정과 다릅니다.
3538,박민서,한화생명 간병보험,5508b9f6-1025-474f-a3e1-266897dd715a,464,2025-01-08,16:32:57,0,32,04,보장 내용이 생각보다 제한적이에요.,4,중립,보장 내용이 생각보다 제한적이에요.
6436,배진우,KB손해보험 어린이보험,2ceec6fb-6ba1-41b6-8e8c-a148804982c9,123,2025-01-20,21:32:55,1,56,03,보험료가 너무 비싸요. 약정과 다릅니다.,7,부정,보험료가 너무 비싸요. 약정과 다릅니다.
7484,이영자,NH농협생명 치아보험,49923379-2d85-4d65-b329-fccfbaef5122,223,2025-01-06,21:41:32,1,67,06,보험료를 해지하고 싶은데 절차가 복잡합니다.,11,강한 불만,보험료를 해지하고 싶은데 절차가 복잡합니다.
6944,김종수,삼성화재 건강보험,17dadef8-4af0-41e5-a225-28a7eabf7448,215,2025-01-10,20:18:50,1,63,02,설계사가 계약 내용을 잘 설명하지 않았어요.,12,강한 불만,설계사가 계약 내용을 잘 설명하지 않았어요.
5697,남도윤,현대해상 어린이보험,d00ade95-c8e0-4af0-910a-c17fabd5686b,143,2025-01-04,18:37:33,1,38,06,설계사가 계약 내용을 잘 설명하지 않았어요.,5,중립,설계사가 계약 내용을 잘 설명하지 않았어요.
5471,이준혁,교보생명 간병보험,a71178c0-0acc-47e3-b782-c71e03c580a4,485,2025-01-14,03:27:35,0,46,01,보장 내용이 생각보다 제한적이에요.,2,긍정,보장 내용이 생각보다 제한적이에요.
4636,김예진,KB손해보험 치아보험,5bfc742d-becf-4794-adab-e76ce31979df,489,2025-01-19,23:53:22,0,39,04,기타 불만 사항이 있습니다.,2,긍정,기타 불만 사항이 있습니다.
6618,박지혜,한화생명 실비보험,a8b69e5c-57c7-4b7e-b826-1080c16df61e,486,2025-01-21,12:53:14,1,22,03,기타 불만 사항이 있습니다.,5,중립,기타 불만 사항이 있습니다.
9118,김은주,흥국화재 연금보험,9d3addf5-492e-4695-a88e-59688b84fb85,541,2025-01-03,11:50:09,0,66,05,보험료가 너무 비싸요. 약정과 다릅니다.,6,부정,보험료가 너무 비싸요. 약정과 다릅니다.
7924,이준서,메리츠화재 간병보험,adc33454-c410-4588-afa6-ef95b529e266,244,2025-01-08,15:50:15,0,13,04,보험료가 너무 비싸요. 약정과 다릅니다.,4,중립,보험료가 너무 비싸요. 약정과 다릅니다.
3516,배중수,롯데손해보험 실비보험,aeacad70-ab13-4c7f-9494-914bc576d216,635,2025-01-22,07:33:09,1,10,05,보험료를 해지하고 싶은데 절차가 복잡합니다.,5,중립,보험료를 해지하고 싶은데 절차가 복잡합니다.
3751,나채원,KB손해보험 어린이보험,604bc783-3db6-42af-9831-f2b454ec1002,900,2025-01-18,16:46:42,0,42,04,보험료를 해지하고 싶은데 절차가 복잡합니다.,1,긍정,보험료를 해지하고 싶은데 절차가 복잡합니다.
4049,서병철,교보생명 어린이보험,72074d1e-ef68-4b4a-abf8-66b556530ab7,259,2025-01-16,02:17:36,0,42,05,보험료를 해지하고 싶은데 절차가 복잡합니다.,9,부정,보험료를 해지하고 싶은데 절차가 복잡합니다.
3044,하지혜,삼성화재 종신보험,2e8ed137-0417-4107-9b46-f2d306cb9b2b,404,2025-01-07,07:36:40,0,12,06,보험료가 너무 비싸요. 약정과 다릅니다.,12,강한 불만,보험료가 너무 비싸요. 약정과 다릅니다.
2929,이정남,교보생명 실비보험,3d339a19-7b7d-4a38-a98d-dff26bc9cd86,205,2025-01-13,08:06:59,1,69,05,보험료가 너무 비싸요. 약정과 다릅니다.,10,강한 불만,보험료가 너무 비싸요. 약정과 다릅니다.
1357,구은정,현대해상 어린이보험,43155afe-d043-48cd-ad6f-bb86d672e385,414,2025-01-16,03:23:23,1,57,01,기타 불만 사항이 있습니다.,11,강한 불만,기타 불만 사항이 있습니다.
1205,곽지은,롯데손해보험 연금보험,da1de1e2-d08c-4d35-bc19-7f725ec4089a,522,2025-01-06,18:25:46,0,65,01,보험료를 해지하고 싶은데 절차가 복잡합니다.,7,부정,보험료를 해지하고 싶은데 절차가 복잡합니다.
8225,김건우,한화손해보험 치아보험,733e71fa-aa0f-4cee-99aa-8464e808adfd,152,2025-01-11,20:29:05,1,67,04,기타 불만 사항이 있습니다.,6,부정,기타 불만 사항이 있습니다.
7964,서옥순,KB손해보험 건강보험,f910b714-0dcc-42c4-80b8-8b47cd06488e,422,2025-01-26,16:22:21,0,62,02,보험료를 해지하고 싶은데 절차가 복잡합니다.,11,강한 불만,보험료를 해지하고 싶은데 절차가 복잡합니다.
4374,김정자,롯데손해보험 건강보험,c20c421f-29db-4170-8c6b-db0f4627b20f,801,2025-01-06,05:44:50,0,15,04,보장 내용이 생각보다 제한적이에요.,5,중립,보장 내용이 생각보다 제한적이에요.
7742,박정수,현대해상 연금보험,2257f332-afe3-4e90-ad8e-fa29aeda57bf,398,2025-01-18,11:53:31,0,27,03,보험료가 너무 비싸요. 약정과 다릅니다.,7,부정,보험료가 너무 비싸요. 약정과 다릅니다.
3703,박보람,한화생명 변액연금보험,8e3b56ce-d32a-402c-8697-b9d01af96841,226,2025-01-03,17:48:29,0,62,05,보장 내용이 생각보다 제한적이에요.,3,중립,보장 내용이 생각보다 제한적이에요.
4289,김지아,메리츠화재 치아보험,e1cbdb00-d15c-45ef-840e-bea3e0ec9529,354,2025-01-10,00:35:34,0,59,06,기타 불만 사항이 있습니다.,5,중립,기타 불만 사항이 있습니다.
9677,김채원,KB손해보험 연금보험,d4486967-5019-4044-82d9-53e70ceaa5a8,291,2025-01-04,05:02:36,0,71,05,보험료가 너무 비싸요. 약정과 다릅니다.,3,중립,보험료가 너무 비싸요. 약정과 다릅니다.
8180,이명숙,메리츠화재 실비보험,bacf3a5a-7c32-4ca6-90a7-06f2254e69f7,568,2025-01-07,00:14:28,0,57,04,기타 불만 사항이 있습니다.,1,긍정,기타 불만 사항이 있습니다.
1738,유정희,메리츠화재 연금보험,cea6860e-540a-49c3-80e5-8a54da9b8bcf,704,2025-01-02,01:10:43,1,80,06,기타 불만 사항이 있습니다.,9,부정,기타 불만 사항이 있습니다.
5977,유옥자,롯데손해보험 건강보험,0d8d7589-31ca-405b-a497-a1c4782ecd5f,591,2025-01-10,16:34:10,0,65,06,보장 내용이 생각보다 제한적이에요.,3,중립,보장 내용이 생각보다 제한적이에요.
3692,이정숙,흥국화재 변액연금보험,105a05f6-0912-4a86-b0bd-191aea56520b,815,2025-01-23,15:39:40,0,65,04,기타 불만 사항이 있습니다.,1,긍정,기타 불만 사항이 있습니다.
3521,진주원,삼성화재 자동차보험,10fb0ae9-24d7-4537-87d1-97ed75ba0f14,593,2025-01-03,15:25:19,0,19,03,설계사가 계약 내용을 잘 설명하지 않았어요.,1,긍정,설계사가 계약 내용을 잘 설명하지 않았어요.
5369,김종수,현대해상 연금보험,ec1df0ec-9a04-43f8-baf9-6cb6d91487a6,360,2025-01-05,07:40:45,0,29,06,보험료를 해지하고 싶은데 절차가 복잡합니다.,2,긍정,보험료를 해지하고 싶은데 절차가 복잡합니다.
1045,노영미,삼성생명 간병보험,f82d066c-cd03-4537-86e0-40dd8700fd04,163,2025-01-15,07:40:34,0,16,02,보험금을 청구했는데 지급이 지연되고 있어요.,5,중립,보험금을 청구했는데 지급이 지연되고 있어요.
1638,심영수,한화생명 자동차보험,a71d601b-fc6f-46a2-a357-acd244e9d8c4,965,2025-01-08,17:15:15,0,11,04,보장 내용이 생각보다 제한적이에요.,9,부정,보장 내용이 생각보다 제한적이에요.
3205,이지영,한화손해보험 간병보험,4af29c5a-3495-4909-b248-fb513948ed81,109,2025-01-04,00:15:59,1,59,06,설계사가 계약 내용을 잘 설명하지 않았어요.,11,강한 불만,설계사가 계약 내용을 잘 설명하지 않았어요.
6599,강은서,메리츠화재 간병보험,741931ec-2c68-4a3c-8942-431d8c487c9e,228,2025-01-23,02:49:10,1,79,01,보험금을 청구했는데 지급이 지연되고 있어요.,0,긍정,보험금을 청구했는데 지급이 지연되고 있어요.
4194,신채원,KB손해보험 변액연금보험,6f89e054-3d05-484d-a771-e8d837214827,793,2025-01-20,02:23:20,1,42,06,설계사가 계약 내용을 잘 설명하지 않았어요.,2,긍정,설계사가 계약 내용을 잘 설명하지 않았어요.
7299,우예은,흥국화재 연금보험,8b3c9b5e-1cad-48a5-ba0a-dcb933262e32,783,2025-01-12,10:07:53,1,15,03,보험료가 너무 비싸요. 약정과 다릅니다.,3,중립,보험료가 너무 비싸요. 약정과 다릅니다.
8493,김영자,교보생명 간병보험,b7471593-cf6f-441c-8f9a-1b7c5640a10b,446,2025-01-18,19:28:21,1,78,04,보험료를 해지하고 싶은데 절차가 복잡합니다.,5,중립,보험료를 해지하고 싶은데 절차가 복잡합니다.
7156,정영철,DB손해보험 자동차보험,503921c3-9cf8-444b-8b71-241ee8190862,946,2025-01-09,16:54:51,1,39,05,기타 불만 사항이 있습니다.,11,강한 불만,기타 불만 사항이 있습니다.
1172,최경수,삼성화재 치아보험,639b32a9-1971-4ea5-9bb1-f2c357ef8f48,653,2025-01-06,12:25:01,0,45,01,설계사가 계약 내용을 잘 설명하지 않았어요.,11,강한 불만,설계사가 계약 내용을 잘 설명하지 않았어요.
5224,류서현,DB손해보험 어린이보험,c9b0cd9d-ea57-44fa-a23e-06bb867c8de7,301,2025-01-02,02:48:43,1,12,01,보험료를 해지하고 싶은데 절차가 복잡합니다.,7,부정,보험료를 해지하고 싶은데 절차가 복잡합니다.
9720,김윤서,메리츠화재 간병보험,1599dc32-c3d9-4346-b332-73b0fae730d2,887,2025-01-17,06:30:10,1,10,03,보장 내용이 생각보다 제한적이에요.,2,긍정,보장 내용이 생각보다 제한적이에요.
1629,민영식,삼성생명 종신보험,a9be85e1-8e14-432f-bbbb-ba95f1451bd2,138,2025-01-02,04:28:27,0,42,06,보험금을 청구했는데 지급이 지연되고 있어요.,12,강한 불만,보험금을 청구했는데 지급이 지연되고 있어요.
2619,김병철,DB손해보험 어린이보험,0b353c57-90a0-4b3e-920f-72dd6f7cb4c1,225,2025-01-08,11:29:08,0,58,02,기타 불만 사항이 있습니다.,5,중립,기타 불만 사항이 있습니다.
6368,차영자,삼성화재 종신보험,132eacc5-5921-4219-be3b-89c4ac366b9b,101,2025-01-01,12:38:13,0,58,05,설계사가 계약 내용을 잘 설명하지 않았어요.,7,부정,설계사가 계약 내용을 잘 설명하지 않았어요.
5314,유미영,현대해상 어린이보험,86758bb2-f0cc-402c-b6e7-fed90d4aab47,641,2025-01-18,10:13:27,0,27,06,보장 내용이 생각보다 제한적이에요.,5,중립,보장 내용이 생각보다 제한적이에요.
5121,김예원,삼성생명 종신보험,7cef8dd4-dfc2-470c-ac80-1f21da9b1aa2,223,2025-01-02,04:01:37,1,35,03,보장 내용이 생각보다 제한적이에요.,10,강한 불만,보장 내용이 생각보다 제한적이에요.
2451,이윤서,삼성화재 어린이보험,1ad8d1aa-12f3-4e97-b07b-b92c59dd5d13,680,2025-01-10,23:12:17,0,41,04,기타 불만 사항이 있습니다.,6,부정,기타 불만 사항이 있습니다.
6074,김도윤,NH농협생명 간병보험,e757e13d-1ad9-4839-b66a-c4fe8ba39225,425,2025-01-05,01:16:51,0,51,04,보험금을 청구했는데 지급이 지연되고 있어요.,3,중립,보험금을 청구했는데 지급이 지연되고 있어요.
1162,류보람,교보생명 어린이보험,55f01470-204b-4074-9ca2-ba2736e5de8b,632,2025-01-12,17:13:25,1,37,04,기타 불만 사항이 있습니다.,6,부정,기타 불만 사항이 있습니다.
2946,박영수,롯데손해보험 종신보험,68e05756-295d-49c4-9f58-b456a2cc17ed,243,2025-01-06,20:48:05,0,64,02,보장 내용이 생각보다 제한적이에요.,6,부정,보장 내용이 생각보다 제한적이에요.
3338,최주원,한화생명 건강보험,22cc2fba-5b91-4b15-a0e0-32dedc861d9d,575,2025-01-08,06:56:19,1,64,05,기타 불만 사항이 있습니다.,2,긍정,기타 불만 사항이 있습니다.
4271,권정웅,삼성생명 건강보험,e74f802f-1018-469c-80b7-c20bfbf4d498,493,2025-01-26,18:42:45,0,65,01,보험금을 청구했는데 지급이 지연되고 있어요.,12,강한 불만,보험금을 청구했는데 지급이 지연되고 있어요.
5089,박수빈,삼성생명 변액연금보험,8a799efb-ca34-40bf-bd90-7bc40952027c,879,2025-01-10,11:33:23,0,67,06,기타 불만 사항이 있습니다.,2,긍정,기타 불만 사항이 있습니다.
8005,김옥순,교보생명 자동차보험,6a5e0259-53ae-4e1b-966e-7029884f636f,767,2025-01-20,04:07:51,1,13,03,보험료가 너무 비싸요. 약정과 다릅니다.,6,부정,보험료가 너무 비싸요. 약정과 다릅니다.
1736,최혜진,롯데손해보험 자동차보험,1f069a04-76bc-4307-9a2b-92965ec8f370,197,2025-01-26,17:05:25,1,41,03,기타 불만 사항이 있습니다.,4,중립,기타 불만 사항이 있습니다.
6168,서수민,DB손해보험 치아보험,2c1e8ee8-a0f7-4ded-8199-e8a9e6cb490e,269,2025-01-20,03:19:21,0,46,06,보험료를 해지하고 싶은데 절차가 복잡합니다.,2,긍정,보험료를 해지하고 싶은데 절차가 복잡합니다.
5828,이영자,흥국화재 간병보험,5bfa56ec-7356-49f4-a7c2-654a500d49fc,662,2025-01-26,03:18:37,0,17,01,설계사가 계약 내용을 잘 설명하지 않았어요.,7,부정,설계사가 계약 내용을 잘 설명하지 않았어요.
9065,이순옥,DB손해보험 어린이보험,de523cf7-870f-462c-902f-1b7a24642ef0,891,2025-01-05,04:47:48,0,32,04,보장 내용이 생각보다 제한적이에요.,2,긍정,보장 내용이 생각보다 제한적이에요.
9825,이민수,NH농협생명 연금보험,4d87a590-2734-4cf7-b93a-bc068a53eb0c,457,2025-01-08,21:48:43,1,16,06,보험료를 해지하고 싶은데 절차가 복잡합니다.,0,긍정,보험료를 해지하고 싶은데 절차가 복잡합니다.
8914,박수진,현대해상 연금보험,27b3c121-828e-494d-863f-de88a3399824,227,2025-01-22,03:53:43,1,62,03,기타 불만 사항이 있습니다.,10,강한 불만,기타 불만 사항이 있습니다.
7356,송상훈,교보생명 종신보험,24c60e11-aa50-4b50-9b90-0d330abaee86,426,2025-01-19,16:59:07,1,30,03,보험료를 해지하고 싶은데 절차가 복잡합니다.,3,중립,보험료를 해지하고 싶은데 절차가 복잡합니다.
7245,김현숙,삼성화재 연금보험,dd2947c0-29a4-4b25-b3b4-28f1392d1ae4,914,2025-01-20,13:26:02,0,72,01,보장 내용이 생각보다 제한적이에요.,8,부정,보장 내용이 생각보다 제한적이에요.
2585,김광수,DB손해보험 간병보험,35c33044-6fb1-4a91-ae38-ada6845e5fc1,437,2025-01-16,15:12:58,0,12,05,보험금을 청구했는데 지급이 지연되고 있어요.,7,부정,보험금을 청구했는데 지급이 지연되고 있어요.
3899,박은주,NH농협생명 치아보험,5a572990-ce1d-4a3a-959f-a50a6589c199,852,2025-01-04,14:54:50,0,76,03,설계사가 계약 내용을 잘 설명하지 않았어요.,3,중립,설계사가 계약 내용을 잘 설명하지 않았어요.
8499,박미숙,DB손해보험 종신보험,46aa06a2-9d15-4b2e-ae94-493651cf4c99,935,2025-01-11,00:28:36,1,80,05,보험료를 해지하고 싶은데 절차가 복잡합니다.,5,중립,보험료를 해지하고 싶은데 절차가 복잡합니다.
7451,최옥자,교보생명 간병보험,6b4c62a8-d8f4-4342-900e-2986741138ef,877,2025-01-20,22:52:13,1,52,06,설계사가 계약 내용을 잘 설명하지 않았어요.,3,중립,설계사가 계약 내용을 잘 설명하지 않았어요.
1737,김순자,현대해상 치아보험,52a222ff-f8df-4caa-9e16-be0a8eff2c8c,710,2025-01-16,15:24:07,0,42,02,보험금을 청구했는데 지급이 지연되고 있어요.,2,긍정,보험금을 청구했는데 지급이 지연되고 있어요.
8827,이서연,DB손해보험 치아보험,9422ed83-96b0-43ca-80cb-330dbfab8ef4,980,2025-01-13,06:39:59,1,13,05,보장 내용이 생각보다 제한적이에요.,11,강한 불만,보장 내용이 생각보다 제한적이에요.
4029,오준영,한화손해보험 종신보험,fc040754-d2e1-4172-9bee-ccb4d0a5a5e4,235,2025-01-11,00:13:31,1,25,01,보험료를 해지하고 싶은데 절차가 복잡합니다.,9,부정,보험료를 해지하고 싶은데 절차가 복잡합니다.
7980,류경희,한화손해보험 건강보험,225972f4-e543-401b-ac74-ec02a89ca742,283,2025-01-19,14:23:33,1,37,04,기타 불만 사항이 있습니다.,3,중립,기타 불만 사항이 있습니다.
5933,이정훈,KB손해보험 자동차보험,77a50322-64b1-4087-84b4-4503cb822071,387,2025-01-20,21:01:18,0,27,02,보험금을 청구했는데 지급이 지연되고 있어요.,10,강한 불만,보험금을 청구했는데 지급이 지연되고 있어요.
2537,김도현,메리츠화재 연금보험,4d74ecea-1837-4116-9435-1c3f970fafd1,467,2025-01-17,10:56:06,0,16,05,설계사가 계약 내용을 잘 설명하지 않았어요.,12,강한 불만,설계사가 계약 내용을 잘 설명하지 않았어요.
8247,김숙자,롯데손해보험 어린이보험,4d8fb58a-d370-478f-88ad-686f906e9f48,823,2025-01-25,13:16:53,0,63,06,설계사가 계약 내용을 잘 설명하지 않았어요.,2,긍정,설계사가 계약 내용을 잘 설명하지 않았어요.
8710,윤영철,현대해상 어린이보험,1af28e20-129e-4a2d-bcf0-7646cb40c06a,834,2025-01-13,19:34:24,0,19,06,보험료를 해지하고 싶은데 절차가 복잡합니다.,12,강한 불만,보험료를 해지하고 싶은데 절차가 복잡합니다.
8779,박성수,현대해상 어린이보험,94e2697b-be27-4d39-9664-bb326366614f,626,2025-01-24,14:32:14,1,55,05,설계사가 계약 내용을 잘 설명하지 않았어요.,2,긍정,설계사가 계약 내용을 잘 설명하지 않았어요.
1193,김명자,한화손해보험 자동차보험,06eb608a-39b0-40e9-a3ec-3344863cf3b0,448,2025-01-20,08:40:59,1,27,04,보험료를 해지하고 싶은데 절차가 복잡합니다.,0,긍정,보험료를 해지하고 싶은데 절차가 복잡합니다.
6473,김성현,KB손해보험 종신보험,7e7e580d-5af2-4a11-8629-ed43e3c4d602,768,2025-01-15,04:05:01,0,20,06,설계사가 계약 내용을 잘 설명하지 않았어요.,3,중립,설계사가 계약 내용을 잘 설명하지 않았어요.
1364,박현숙,DB손해보험 종신보험,2c460024-7847-4dcc-9158-dc00de057400,353,2025-01-25,03:29:36,1,64,01,보험금을 청구했는데 지급이 지연되고 있어요.,12,강한 불만,보험금을 청구했는데 지급이 지연되고 있어요.
8935,박동현,메리츠화재 자동차보험,c86b7686-0fa0-4c0c-8e65-9a83a78972ef,261,2025-01-22,07:09:37,0,35,04,보험금을 청구했는데 지급이 지연되고 있어요.,12,강한 불만,보험금을 청구했는데 지급이 지연되고 있어요.
5786,박동현,교보생명 변액연금보험,2ce629dd-89ee-4dcb-b57e-c96d82e1cdbe,372,2025-01-15,01:57:08,0,67,01,보험금을 청구했는데 지급이 지연되고 있어요.,4,중립,보험금을 청구했는데 지급이 지연되고 있어요.
9175,이은지,메리츠화재 실비보험,9ba66d3f-9d0f-4972-9879-4a0d1c47b7d4,148,2025-01-22,06:48:43,0,35,04,보험료를 해지하고 싶은데 절차가 복잡합니다.,6,부정,보험료를 해지하고 싶은데 절차가 복잡합니다.
2349,황영숙,현대해상 자동차보험,a5c905f3-3da9-47e0-94f5-53c6d697899c,588,2025-01-17,02:33:20,1,69,04,보장 내용이 생각보다 제한적이에요.,10,강한 불만,보장 내용이 생각보다 제한적이에요.
4862,윤순옥,KB손해보험 어린이보험,869634f5-843f-4a59-a2c3-821e95cddb07,219,2025-01-22,08:29:54,1,21,06,기타 불만 사항이 있습니다.,8,부정,기타 불만 사항이 있습니다.
4829,노서준,NH농협생명 치아보험,c5a954e4-2fb6-4146-9051-471174b02d1c,168,2025-01-08,12:06:13,0,61,03,기타 불만 사항이 있습니다.,8,부정,기타 불만 사항이 있습니다.
5112,이순옥,롯데손해보험 연금보험,1aff1eb1-2bf1-47f7-aa5b-6c29c336947b,868,2025-01-26,13:50:51,1,23,02,기타 불만 사항이 있습니다.,9,부정,기타 불만 사항이 있습니다.
3903,신민석,롯데손해보험 연금보험,fa738ccd-2af0-4cbb-b4af-0bdf5920a4b0,278,2025-01-11,00:03:43,1,75,01,기타 불만 사항이 있습니다.,11,강한 불만,기타 불만 사항이 있습니다.
3913,김정남,메리츠화재 종신보험,47462fbf-4f1e-457e-a806-3c07ad585e45,808,2025-01-18,06:16:38,1,56,02,기타 불만 사항이 있습니다.,10,강한 불만,기타 불만 사항이 있습니다.
5346,양옥순,KB손해보험 연금보험,1928e08f-74e4-4226-974e-9c8fb4bf598a,868,2025-01-18,08:51:32,0,56,04,보험금을 청구했는데 지급이 지연되고 있어요.,11,강한 불만,보험금을 청구했는데 지급이 지연되고 있어요.
1415,이채원,한화생명 건강보험,7614b059-e837-46c4-a71e-5dda7d81ad84,424,2025-01-14,12:52:57,0,34,02,보장 내용이 생각보다 제한적이에요.,7,부정,보장 내용이 생각보다 제한적이에요.
9147,우재호,삼성생명 변액연금보험,96efeb07-a654-4518-bfa8-8a23a92cebff,445,2025-01-08,18:49:10,0,76,04,보험금을 청구했는데 지급이 지연되고 있어요.,9,부정,보험금을 청구했는데 지급이 지연되고 있어요.
4222,최정식,한화생명 종신보험,88e84d8a-52dc-48c1-97c4-4c502bb76bb3,666,2025-01-25,22:24:17,0,58,01,보험금을 청구했는데 지급이 지연되고 있어요.,3,중립,보험금을 청구했는데 지급이 지연되고 있어요.
5734,장준혁,교보생명 종신보험,d4b1169a-ffe5-4453-bfe5-b06bf82bb420,904,2025-01-19,14:12:05,0,72,04,기타 불만 사항이 있습니다.,8,부정,기타 불만 사항이 있습니다.
3440,김서윤,롯데손해보험 변액연금보험,b3da05e8-b941-48e9-9168-ddf0ee8160ec,239,2025-01-06,22:03:46,0,11,02,보험금을 청구했는데 지급이 지연되고 있어요.,11,강한 불만,보험금을 청구했는데 지급이 지연되고 있어요.
9797,전은주,NH농협생명 종신보험,dc8d7bbf-3969-431a-a3ec-086788a05639,158,2025-01-14,10:59:31,0,72,05,기타 불만 사항이 있습니다.,1,긍정,기타 불만 사항이 있습니다.
9719,서경희,현대해상 실비보험,4473d4f5-8f02-41fa-a1a7-fa19b50d0822,259,2025-01-22,21:55:30,1,32,01,기타 불만 사항이 있습니다.,7,부정,기타 불만 사항이 있습니다.
2167,이진호,삼성화재 종신보험,dfb8f6ea-d50b-4236-922f-8e72944e2038,966,2025-01-19,13:41:23,1,25,06,기타 불만 사항이 있습니다.,5,중립,기타 불만 사항이 있습니다.
9933,홍정웅,DB손해보험 어린이보험,fab20d2e-cd70-4e0f-958e-313419603ad7,600,2025-01-23,11:58:42,0,34,05,보험금을 청구했는데 지급이 지연되고 있어요.,0,긍정,보험금을 청구했는데 지급이 지연되고 있어요.
6504,김성호,현대해상 실비보험,6eacb60a-5985-4f1f-abd8-5d3b94a0b88a,163,2025-01-11,09:32:49,1,22,05,보험료가 너무 비싸요. 약정과 다릅니다.,7,부정,보험료가 너무 비싸요. 약정과 다릅니다.
6917,최진호,교보생명 어린이보험,ae380106-56f3-4c41-b0f3-b4961876a5a9,845,2025-01-15,17:48:43,0,57,03,보험료가 너무 비싸요. 약정과 다릅니다.,3,중립,보험료가 너무 비싸요. 약정과 다릅니다.
4751,윤서현,현대해상 치아보험,76efee3d-321e-43c9-b4d7-0eba5d33022d,500,2025-01-14,13:36:08,0,64,06,보장 내용이 생각보다 제한적이에요.,3,중립,보장 내용이 생각보다 제한적이에요.
3155,박영호,롯데손해보험 연금보험,f7d970d6-cf95-4f73-a2bb-e9b4f7fc2893,574,2025-01-25,16:23:44,1,58,05,보장 내용이 생각보다 제한적이에요.,11,강한 불만,보장 내용이 생각보다 제한적이에요.
4061,김숙자,한화생명 건강보험,9c40a1b8-5cfe-46f5-9980-7077898e2b46,831,2025-01-17,10:01:30,0,41,05,보험료를 해지하고 싶은데 절차가 복잡합니다.,10,강한 불만,보험료를 해지하고 싶은데 절차가 복잡합니다.
3880,한병철,삼성생명 건강보험,bc3a48e4-a2a6-438b-8b3b-56b6346fec47,748,2025-01-23,16:33:58,0,78,06,보험금을 청구했는데 지급이 지연되고 있어요.,1,긍정,보험금을 청구했는데 지급이 지연되고 있어요.
3067,박예은,삼성화재 어린이보험,8c67055f-f6c0-424c-a7fb-35abdb2efa30,727,2025-01-06,14:45:09,0,23,03,보험료를 해지하고 싶은데 절차가 복잡합니다.,6,부정,보험료를 해지하고 싶은데 절차가 복잡합니다.
7986,류민지,한화손해보험 실비보험,be3bd3a6-9fb1-41c8-84c0-cc0ae588db4c,735,2025-01-18,05:18:05,1,45,05,보장 내용이 생각보다 제한적이에요.,6,부정,보장 내용이 생각보다 제한적이에요.
2955,강성호,교보생명 자동차보험,e0c0f73c-ba8f-4478-8eb5-735e28575e8a,850,2025-01-25,07:28:08,1,79,03,보장 내용이 생각보다 제한적이에요.,9,부정,보장 내용이 생각보다 제한적이에요.
1997,박영호,흥국화재 실비보험,af5791d0-a243-46e3-8f97-775ad3ea5491,922,2025-01-12,21:52:12,0,59,04,보험료가 너무 비싸요. 약정과 다릅니다.,8,부정,보험료가 너무 비싸요. 약정과 다릅니다.
8840,김민수,현대해상 자동차보험,25f2a952-6210-4ef2-a3be-d323adc18a40,274,2025-01-22,11:55:29,0,53,05,설계사가 계약 내용을 잘 설명하지 않았어요.,5,중립,설계사가 계약 내용을 잘 설명하지 않았어요.
3174,윤성현,현대해상 자동차보험,416da2c3-dbf4-4ded-83ef-b23a5e499bd6,614,2025-01-19,10:31:34,0,78,05,설계사가 계약 내용을 잘 설명하지 않았어요.,2,긍정,설계사가 계약 내용을 잘 설명하지 않았어요.
3253,심현지,삼성화재 변액연금보험,2b7142fb-c27d-417b-a617-037989bd6f9c,375,2025-01-05,05:55:46,0,61,05,보험료를 해지하고 싶은데 절차가 복잡합니다.,9,부정,보험료를 해지하고 싶은데 절차가 복잡합니다.
8897,박정수,교보생명 어린이보험,fda3712b-93d5-431a-8a5e-f1a3ce9cb513,313,2025-01-21,18:49:28,1,58,03,기타 불만 사항이 있습니다.,4,중립,기타 불만 사항이 있습니다.
7689,이도현,한화손해보험 간병보험,2fece9a8-65af-4404-bc76-8c0339692f94,359,2025-01-25,17:06:48,0,80,04,보험료를 해지하고 싶은데 절차가 복잡합니다.,5,중립,보험료를 해지하고 싶은데 절차가 복잡합니다.
7264,윤민수,한화손해보험 간병보험,df562d6a-ef82-4793-8088-3d40e1bf2408,388,2025-01-15,02:53:35,1,18,05,보험료가 너무 비싸요. 약정과 다릅니다.,0,긍정,보험료가 너무 비싸요. 약정과 다릅니다.
4063,이은정,현대해상 어린이보험,d8ba2737-b72a-4f32-8ff6-664cf7b89803,862,2025-01-17,21:23:53,1,53,03,보험료를 해지하고 싶은데 절차가 복잡합니다.,8,부정,보험료를 해지하고 싶은데 절차가 복잡합니다.
1700,김영희,흥국화재 연금보험,5265dcf3-896b-4352-84c7-dba2f1a8c95a,831,2025-01-04,04:10:13,0,39,01,보험금을 청구했는데 지급이 지연되고 있어요.,5,중립,보험금을 청구했는데 지급이 지연되고 있어요.
7232,김민준,롯데손해보험 어린이보험,69e23f49-8908-475e-8144-bceba10feabb,216,2025-01-05,16:29:47,1,79,04,보험료를 해지하고 싶은데 절차가 복잡합니다.,9,부정,보험료를 해지하고 싶은데 절차가 복잡합니다.
3025,노옥자,NH농협생명 치아보험,d308ab9d-fb6d-41d1-b2a5-c36dc4d1a011,139,2025-01-06,10:26:53,0,61,05,보장 내용이 생각보다 제한적이에요.,8,부정,보장 내용이 생각보다 제한적이에요.
8930,윤정훈,메리츠화재 변액연금보험,688d4695-759b-433d-907a-0cc860d7daaf,931,2025-01-06,01:58:20,1,12,03,보험료가 너무 비싸요. 약정과 다릅니다.,12,강한 불만,보험료가 너무 비싸요. 약정과 다릅니다.
3085,김성진,NH농협생명 건강보험,fb4b4247-17ad-4804-ab55-7bd4499349b8,402,2025-01-23,09:24:24,1,44,05,보험료를 해지하고 싶은데 절차가 복잡합니다.,4,중립,보험료를 해지하고 싶은데 절차가 복잡합니다.
6549,이명자,삼성생명 연금보험,09aeb4a8-ab55-4bf3-b794-198c9776335d,148,2025-01-15,08:31:01,0,73,06,기타 불만 사항이 있습니다.,5,중립,기타 불만 사항이 있습니다.
5785,고하은,교보생명 간병보험,9c40bd44-0638-4e71-975b-8b866032a283,997,2025-01-20,04:05:38,1,70,06,보험료를 해지하고 싶은데 절차가 복잡합니다.,1,긍정,보험료를 해지하고 싶은데 절차가 복잡합니다.
9163,이영숙,한화생명 치아보험,e8e702bb-f275-4035-8376-9086c2b0c2c1,671,2025-01-08,12:52:18,0,27,01,기타 불만 사항이 있습니다.,3,중립,기타 불만 사항이 있습니다.
7869,최준영,메리츠화재 어린이보험,08c0c5b4-c0d0-4d42-9870-1480ec23598d,558,2025-01-22,01:32:37,0,54,02,보험료가 너무 비싸요. 약정과 다릅니다.,4,중립,보험료가 너무 비싸요. 약정과 다릅니다.
7865,이서윤,롯데손해보험 간병보험,4a51ab17-ce54-4edb-99f2-065de5ae26e9,818,2025-01-07,10:17:49,1,64,02,기타 불만 사항이 있습니다.,12,강한 불만,기타 불만 사항이 있습니다.
2595,김경숙,NH농협생명 어린이보험,b6842ada-fa4f-444f-9079-77e07d163ecf,273,2025-01-22,22:06:43,0,25,02,보험료가 너무 비싸요. 약정과 다릅니다.,4,중립,보험료가 너무 비싸요. 약정과 다릅니다.
1371,이시우,NH농협생명 치아보험,be381c89-b89e-4700-9825-5c3e58dfc606,798,2025-01-05,01:45:07,0,64,01,보험금을 청구했는데 지급이 지연되고 있어요.,6,부정,보험금을 청구했는데 지급이 지연되고 있어요.
3467,이숙자,DB손해보험 연금보험,fac93147-2f82-4cba-ae56-86746a5cfef0,554,2025-01-24,16:07:51,1,50,05,보험금을 청구했는데 지급이 지연되고 있어요.,6,부정,보험금을 청구했는데 지급이 지연되고 있어요.
5826,양경자,삼성화재 실비보험,ce70f240-5637-4912-b77f-e0e14c891614,750,2025-01-21,21:38:27,0,26,04,보험료가 너무 비싸요. 약정과 다릅니다.,12,강한 불만,보험료가 너무 비싸요. 약정과 다릅니다.
9813,민현정,삼성화재 어린이보험,63381272-e6b0-439d-9072-b4bdc60e0dcd,384,2025-01-24,10:53:12,0,54,04,기타 불만 사항이 있습니다.,2,긍정,기타 불만 사항이 있습니다.
4040,강정훈,NH농협생명 연금보험,3daed1b7-d3a7-4d77-8c35-5878a11ef171,813,2025-01-13,01:49:13,1,16,05,기타 불만 사항이 있습니다.,9,부정,기타 불만 사항이 있습니다.
7290,김예준,삼성화재 연금보험,ec2dc302-c881-46fd-9b2b-dfd8ff307702,322,2025-01-22,13:52:19,1,75,02,기타 불만 사항이 있습니다.,10,강한 불만,기타 불만 사항이 있습니다.
1669,박정호,한화손해보험 실비보험,2bf6e0fc-506e-4fd1-b382-c68aff20b0c1,355,2025-01-06,06:35:02,0,10,05,설계사가 계약 내용을 잘 설명하지 않았어요.,6,부정,설계사가 계약 내용을 잘 설명하지 않았어요.
9492,성정웅,한화생명 변액연금보험,f9a783b0-6ec3-48b2-a75d-7df541cd2230,972,2025-01-09,00:46:43,1,60,06,보험료가 너무 비싸요. 약정과 다릅니다.,0,긍정,보험료가 너무 비싸요. 약정과 다릅니다.
2222,김우진,NH농협생명 치아보험,fdd5d65d-864a-47de-b226-ea0482d9bbc5,265,2025-01-20,04:24:53,1,45,05,보장 내용이 생각보다 제한적이에요.,9,부정,보장 내용이 생각보다 제한적이에요.
8759,심영호,한화생명 어린이보험,f2ed82d3-c5ea-4e27-bc7d-9245447935a0,810,2025-01-13,02:12:59,1,79,01,보험금을 청구했는데 지급이 지연되고 있어요.,1,긍정,보험금을 청구했는데 지급이 지연되고 있어요.
7830,장현우,KB손해보험 연금보험,61a641e2-e1ba-42e8-a084-f291a099f122,528,2025-01-04,21:13:48,1,78,04,보험금을 청구했는데 지급이 지연되고 있어요.,0,긍정,보험금을 청구했는데 지급이 지연되고 있어요.
3131,서도윤,DB손해보험 실비보험,7b2a6ef8-ab18-4a5e-a10d-5f6a6e934440,648,2025-01-08,23:03:34,0,39,04,설계사가 계약 내용을 잘 설명하지 않았어요.,9,부정,설계사가 계약 내용을 잘 설명하지 않았어요.
3776,김진호,KB손해보험 건강보험,351778b9-e20a-43f1-bc7a-272e2c6cc7d5,527,2025-01-16,18:40:24,1,37,04,보장 내용이 생각보다 제한적이에요.,0,긍정,보장 내용이 생각보다 제한적이에요.
6526,김민준,교보생명 실비보험,b71fec02-0bc5-41fa-b406-51dde0fee9bb,464,2025-01-09,14:17:14,0,21,03,기타 불만 사항이 있습니다.,6,부정,기타 불만 사항이 있습니다.
4302,나수진,DB손해보험 어린이보험,4ed3e20f-9014-4be2-af7d-3ab4f2760e3f,402,2025-01-20,13:24:31,0,80,06,보험료를 해지하고 싶은데 절차가 복잡합니다.,10,강한 불만,보험료를 해지하고 싶은데 절차가 복잡합니다.
4167,김재호,현대해상 실비보험,d175d3c9-001f-43d1-973c-e1b9594c4a1c,533,2025-01-22,07:36:23,1,16,01,기타 불만 사항이 있습니다.,12,강한 불만,기타 불만 사항이 있습니다.
5738,김시우,삼성화재 변액연금보험,660533d3-9524-4b79-acbc-31dc5ca935bb,116,2025-01-09,07:10:20,0,69,01,보험금을 청구했는데 지급이 지연되고 있어요.,1,긍정,보험금을 청구했는데 지급이 지연되고 있어요.
5804,조예은,DB손해보험 실비보험,96a3cb2a-ea38-47b1-9ee7-9bb329ab5a9f,118,2025-01-08,07:05:33,1,72,03,보장 내용이 생각보다 제한적이에요.,0,긍정,보장 내용이 생각보다 제한적이에요.
9673,이성민,메리츠화재 자동차보험,9b72f980-4af0-4ec2-96ab-9ea77999ac54,730,2025-01-18,00:20:01,1,55,04,기타 불만 사항이 있습니다.,5,중립,기타 불만 사항이 있습니다.
8055,김지원,메리츠화재 어린이보험,d26cb654-e6e4-4cb3-aff4-8634d49acfa4,834,2025-01-21,00:42:30,1,78,05,보험료를 해지하고 싶은데 절차가 복잡합니다.,8,부정,보험료를 해지하고 싶은데 절차가 복잡합니다.
8619,고경자,DB손해보험 간병보험,17fadc82-461e-4eb4-beef-854ca0a43e40,340,2025-01-26,19:28:29,0,73,03,보험료를 해지하고 싶은데 절차가 복잡합니다.,8,부정,보험료를 해지하고 싶은데 절차가 복잡합니다.
3553,김성진,삼성화재 변액연금보험,2a549fb2-2e21-40e6-a9ee-2b25dd8c2574,981,2025-01-20,17:55:34,1,65,05,보장 내용이 생각보다 제한적이에요.,12,강한 불만,보장 내용이 생각보다 제한적이에요.
6730,류상철,롯데손해보험 변액연금보험,f27022dd-daaf-427a-91cc-51657cd7d0a0,434,2025-01-13,06:37:54,0,40,01,기타 불만 사항이 있습니다.,7,부정,기타 불만 사항이 있습니다.
2933,김정남,한화손해보험 종신보험,55c3fd2a-18d5-4a42-8171-0b051a30f338,595,2025-01-19,09:35:11,1,74,02,설계사가 계약 내용을 잘 설명하지 않았어요.,11,강한 불만,설계사가 계약 내용을 잘 설명하지 않았어요.
3372,이아름,KB손해보험 어린이보험,4fa89a63-cdd9-4d90-9b1e-69757c726b58,428,2025-01-06,12:05:06,0,79,01,보험금을 청구했는데 지급이 지연되고 있어요.,0,긍정,보험금을 청구했는데 지급이 지연되고 있어요.
6920,홍재호,한화생명 연금보험,3d6c67fb-61cf-4ae6-b16d-610bba7a3b65,646,2025-01-09,01:42:11,0,50,03,기타 불만 사항이 있습니다.,9,부정,기타 불만 사항이 있습니다.
9110,박미숙,삼성생명 실비보험,2dcbaa03-d9a3-48d1-ac75-ff5d60e898c5,417,2025-01-19,23:07:13,1,77,04,설계사가 계약 내용을 잘 설명하지 않았어요.,1,긍정,설계사가 계약 내용을 잘 설명하지 않았어요.
6962,진명숙,NH농협생명 치아보험,410760f9-6132-47c0-acce-293d2e0e332f,863,2025-01-01,02:57:40,0,46,03,보험료를 해지하고 싶은데 절차가 복잡합니다.,1,긍정,보험료를 해지하고 싶은데 절차가 복잡합니다.
5273,배순자,롯데손해보험 치아보험,3501b369-b950-437e-b830-87d283acb12a,129,2025-01-23,05:19:55,1,13,04,보장 내용이 생각보다 제한적이에요.,6,부정,보장 내용이 생각보다 제한적이에요.
1066,서시우,삼성생명 어린이보험,ca60bf97-50ba-4ea8-9b10-89ea58165ed2,775,2025-01-12,18:21:46,0,46,06,기타 불만 사항이 있습니다.,2,긍정,기타 불만 사항이 있습니다.
5191,오성훈,삼성생명 연금보험,7eeda49a-7009-47da-8af3-40e41f893947,261,2025-01-08,23:08:46,1,59,04,보험금을 청구했는데 지급이 지연되고 있어요.,2,긍정,보험금을 청구했는데 지급이 지연되고 있어요.
8009,권영미,메리츠화재 어린이보험,6a2446df-5a0d-470c-8fd6-e6f482200db7,152,2025-01-02,16:03:13,0,76,03,보험료가 너무 비싸요. 약정과 다릅니다.,4,중립,보험료가 너무 비싸요. 약정과 다릅니다.
8117,안정식,DB손해보험 간병보험,02f276bc-8201-4b4d-b5f7-77a15fc35cda,857,2025-01-05,22:14:36,0,35,04,기타 불만 사항이 있습니다.,3,중립,기타 불만 사항이 있습니다.
6808,김성호,한화손해보험 변액연금보험,9d9d59d1-8fa7-4057-858d-804095139f0a,562,2025-01-17,18:05:25,1,18,02,기타 불만 사항이 있습니다.,6,부정,기타 불만 사항이 있습니다.
3473,권민서,흥국화재 어린이보험,d511025d-7b0b-4343-98a7-db68b51f24a3,577,2025-01-26,16:11:56,1,69,02,설계사가 계약 내용을 잘 설명하지 않았어요.,6,부정,설계사가 계약 내용을 잘 설명하지 않았어요.
6222,윤민지,한화생명 치아보험,266f36ac-f80a-4d2b-82e6-b1a6f644a1b2,967,2025-01-15,11:26:49,0,25,05,보험금을 청구했는데 지급이 지연되고 있어요.,6,부정,보험금을 청구했는데 지급이 지연되고 있어요.
6176,이성수,KB손해보험 연금보험,47fa7b95-e6e7-4ab7-a5ad-5ebf3dc8ebdc,936,2025-01-17,13:20:45,0,38,03,보험료가 너무 비싸요. 약정과 다릅니다.,4,중립,보험료가 너무 비싸요. 약정과 다릅니다.
3401,이정훈,한화손해보험 치아보험,ad31f804-3ef3-42a0-800e-f3646ef787c2,871,2025-01-15,19:11:11,1,36,02,기타 불만 사항이 있습니다.,4,중립,기타 불만 사항이 있습니다.
8321,김시우,삼성화재 종신보험,165ea67b-9479-4ddd-8338-f3c62433ec3b,964,2025-01-03,09:49:46,0,15,06,보험료가 너무 비싸요. 약정과 다릅니다.,9,부정,보험료가 너무 비싸요. 약정과 다릅니다.
5202,박지연,한화생명 자동차보험,29e4cf33-e40b-4c73-9ea3-2ca486c764a0,965,2025-01-03,01:47:56,0,10,05,보험료를 해지하고 싶은데 절차가 복잡합니다.,11,강한 불만,보험료를 해지하고 싶은데 절차가 복잡합니다.
5600,고선영,교보생명 건강보험,588e8f32-2a07-4d36-9b0e-d212ae945727,200,2025-01-12,16:07:47,0,69,04,보험금을 청구했는데 지급이 지연되고 있어요.,2,긍정,보험금을 청구했는데 지급이 지연되고 있어요.
3378,박은지,교보생명 연금보험,9af3f3c8-8456-4993-b58a-29fae3948268,307,2025-01-08,00:40:10,1,54,02,보장 내용이 생각보다 제한적이에요.,4,중립,보장 내용이 생각보다 제한적이에요.
6826,한민재,현대해상 실비보험,aff5dc50-2056-426a-af5f-a0ebffd2b089,139,2025-01-01,18:02:44,0,80,05,보험료를 해지하고 싶은데 절차가 복잡합니다.,8,부정,보험료를 해지하고 싶은데 절차가 복잡합니다.
5572,조영철,한화생명 건강보험,4825e63e-dd2d-4543-827a-edf354766780,193,2025-01-10,12:38:33,0,72,01,보험료가 너무 비싸요. 약정과 다릅니다.,9,부정,보험료가 너무 비싸요. 약정과 다릅니다.
9907,류아름,삼성생명 치아보험,2eba1a14-baba-4c41-8ef8-a4908705f352,350,2025-01-05,09:49:07,0,10,04,보장 내용이 생각보다 제한적이에요.,12,강한 불만,보장 내용이 생각보다 제한적이에요.
8114,김예준,DB손해보험 연금보험,a02581b1-55d5-4451-a447-6fff4d2fd04f,559,2025-01-18,07:29:16,0,19,01,기타 불만 사항이 있습니다.,0,긍정,기타 불만 사항이 있습니다.
8625,백은경,KB손해보험 연금보험,5f107c73-2f19-4344-a93c-0516a859e425,948,2025-01-04,15:27:26,0,51,03,보험금을 청구했는데 지급이 지연되고 있어요.,6,부정,보험금을 청구했는데 지급이 지연되고 있어요.
2972,김경수,한화손해보험 치아보험,19aba6de-9563-4d55-a859-bc8b5605b20a,755,2025-01-22,20:44:25,1,70,06,보험료를 해지하고 싶은데 절차가 복잡합니다.,1,긍정,보험료를 해지하고 싶은데 절차가 복잡합니다.
9957,조재현,흥국화재 종신보험,cb9ebbb1-8465-4c16-b929-fdb52187bbe4,272,2025-01-17,02:24:03,0,60,05,보장 내용이 생각보다 제한적이에요.,6,부정,보장 내용이 생각보다 제한적이에요.
3406,한경자,교보생명 자동차보험,e69fceaa-9106-43cb-a55b-5d5de76ff143,456,2025-01-02,22:05:44,0,44,05,보험료가 너무 비싸요. 약정과 다릅니다.,10,강한 불만,보험료가 너무 비싸요. 약정과 다릅니다.
8836,한서연,메리츠화재 치아보험,5e41fa99-a46a-42cf-9298-66b466d4113b,561,2025-01-20,11:33:55,0,61,06,보험금을 청구했는데 지급이 지연되고 있어요.,1,긍정,보험금을 청구했는데 지급이 지연되고 있어요.
8405,이명숙,삼성화재 건강보험,53be8fd6-f0dc-4b7f-a2fa-e934d556025a,480,2025-01-17,20:16:12,1,40,05,기타 불만 사항이 있습니다.,5,중립,기타 불만 사항이 있습니다.
6243,진민준,롯데손해보험 간병보험,77824807-0d9a-4f48-9559-ded8f318af3c,609,2025-01-05,09:51:02,0,20,04,보험금을 청구했는데 지급이 지연되고 있어요.,5,중립,보험금을 청구했는데 지급이 지연되고 있어요.
2413,박숙자,삼성생명 자동차보험,857038c5-32d6-430b-bcd9-9451a4380fbb,426,2025-01-03,17:41:08,1,75,02,설계사가 계약 내용을 잘 설명하지 않았어요.,10,강한 불만,설계사가 계약 내용을 잘 설명하지 않았어요.
5147,김정남,DB손해보험 연금보험,1df292a8-f856-42e0-9511-17e26c19b0a6,846,2025-01-14,08:29:58,0,38,05,보험료가 너무 비싸요. 약정과 다릅니다.,10,강한 불만,보험료가 너무 비싸요. 약정과 다릅니다.
9744,황도현,롯데손해보험 자동차보험,882df99b-1c6f-43fd-b70b-3b0977206c98,528,2025-01-20,09:05:23,1,75,01,보험금을 청구했는데 지급이 지연되고 있어요.,8,부정,보험금을 청구했는데 지급이 지연되고 있어요.
6801,최미영,DB손해보험 건강보험,2c7a37b6-0530-4a43-8784-9681db2412dc,960,2025-01-18,03:29:52,0,36,06,보험금을 청구했는데 지급이 지연되고 있어요.,4,중립,보험금을 청구했는데 지급이 지연되고 있어요.
9922,이정순,삼성생명 건강보험,4022a344-f4d5-442e-bc47-723b471e717e,404,2025-01-20,20:00:23,1,42,06,보험료가 너무 비싸요. 약정과 다릅니다.,11,강한 불만,보험료가 너무 비싸요. 약정과 다릅니다.
4599,이정호,한화생명 연금보험,c3c270a0-1681-4943-abd0-3770ecd2f1d5,108,2025-01-18,00:17:42,1,57,04,보장 내용이 생각보다 제한적이에요.,11,강한 불만,보장 내용이 생각보다 제한적이에요.
5501,홍순자,DB손해보험 치아보험,25003e29-ab03-4b47-b7e4-72f3726bdfd4,458,2025-01-15,20:13:23,1,68,04,보험금을 청구했는데 지급이 지연되고 있어요.,9,부정,보험금을 청구했는데 지급이 지연되고 있어요.
9344,오영수,삼성화재 실비보험,315b85d9-71fa-4b89-aae7-078265cb54b5,557,2025-01-09,02:02:52,1,76,03,보험금을 청구했는데 지급이 지연되고 있어요.,12,강한 불만,보험금을 청구했는데 지급이 지연되고 있어요.
9594,우현준,흥국화재 간병보험,fa996b55-81a3-41bd-9591-66428a602596,988,2025-01-18,14:39:14,1,14,04,기타 불만 사항이 있습니다.,5,중립,기타 불만 사항이 있습니다.
5514,허상호,한화생명 자동차보험,25513274-b98a-421c-a749-02a68741a273,866,2025-01-06,11:37:37,1,77,05,보험료를 해지하고 싶은데 절차가 복잡합니다.,2,긍정,보험료를 해지하고 싶은데 절차가 복잡합니다.
4851,김지은,NH농협생명 건강보험,e90b0348-31b6-4eff-aab5-a7350914ce82,447,2025-01-13,18:59:10,1,20,03,기타 불만 사항이 있습니다.,12,강한 불만,기타 불만 사항이 있습니다.
6392,송성현,교보생명 간병보험,36c5c947-ecd0-46f0-8ec2-440f8a71c970,299,2025-01-19,02:41:20,1,47,04,기타 불만 사항이 있습니다.,8,부정,기타 불만 사항이 있습니다.
7480,박경수,한화생명 연금보험,6a5c31ef-d48c-484a-9dc3-67ced0a8e58f,963,2025-01-01,00:21:04,1,44,05,설계사가 계약 내용을 잘 설명하지 않았어요.,6,부정,설계사가 계약 내용을 잘 설명하지 않았어요.
9304,이지원,한화생명 종신보험,1d823a16-b8ec-4250-a14e-dbb0c76a51b8,565,2025-01-16,10:55:17,1,25,01,보험료가 너무 비싸요. 약정과 다릅니다.,8,부정,보험료가 너무 비싸요. 약정과 다릅니다.
3020,김우진,현대해상 연금보험,5e62d7af-ef8b-494b-ae47-5a15ddea4823,601,2025-01-03,14:12:28,1,54,02,보험료가 너무 비싸요. 약정과 다릅니다.,10,강한 불만,보험료가 너무 비싸요. 약정과 다릅니다.
7906,박시우,교보생명 어린이보험,14c1c0c2-b0bd-42a4-881f-860a7298a3cd,115,2025-01-22,20:30:30,0,71,05,기타 불만 사항이 있습니다.,11,강한 불만,기타 불만 사항이 있습니다.
